NhomSP,DoanhThu,SoLuong,sku_count
Xe phổ thông,51747254254.55914,32041.572943575797,66
Xe trẻ em nhóm 1,10028743505.22746,7499.362401296868,30
Xe thể thao nhôm,7651975093.228716,2598.382874026042,29
Xe thể thao thép,5815104844.553534,2841.124148930607,32
Xe trẻ em nhóm 2,4294972424.03114,4464.557632170684,20
Chưa phân loại,1789939754.3999999,1225.0,37
