model,level,MAE,RMSE,MAPE
pred_naive,group_revenue,8868469718.833334,14446364899.220686,64.58217319662444
pred_global_yoy,group_revenue,1821757169.8890178,1830018237.4454095,31.695271557224636
