Thang,Conservative Revenue,Base Revenue,Optimistic Revenue,Conservative Quantity,Base Quantity,Optimistic Quantity
2026-04,24398396962.800003,27109329958.666668,29820262954.533337,15201.0,16890.0,18579.0
2026-05,24398396962.800003,27109329958.666668,29820262954.533337,15201.0,16890.0,18579.0
2026-06,24398396962.800003,27109329958.666668,29820262954.533337,15201.0,16890.0,18579.0
