Thang,DoanhThu,SoLuong
2026-04,27109329958.666668,16890.0
2026-05,27109329958.666668,16890.0
2026-06,27109329958.666668,16890.0
